HomeTeam,AwayTeam,FTHG,FTAG,FTR,HTHG,HTAG,HTR,Season
Bournemouth,Aston Villa,0,1,A,0,0,D,2015-16
Chelsea,Swansea,2,2,D,2,1,H,2015-16
Everton,Watford,2,2,D,0,1,A,2015-16
Leicester,Sunderland,4,2,H,3,0,H,2015-16
Man United,Tottenham,1,0,H,1,0,H,2015-16
Norwich,Crystal Palace,1,3,A,0,1,A,2015-16
Arsenal,West Ham,0,2,A,0,1,A,2015-16
Newcastle,Southampton,2,2,D,1,1,D,2015-16
Stoke,Liverpool,0,1,A,0,0,D,2015-16
West Brom,Man City,0,3,A,0,2,A,2015-16
Aston Villa,Man United,0,1,A,0,1,A,2015-16
Southampton,Everton,0,3,A,0,2,A,2015-16
Sunderland,Norwich,1,3,A,0,2,A,2015-16
Swansea,Newcastle,2,0,H,1,0,H,2015-16
Tottenham,Stoke,2,2,D,2,0,H,2015-16
Watford,West Brom,0,0,D,0,0,D,2015-16
West Ham,Leicester,1,2,A,0,2,A,2015-16
Crystal Palace,Arsenal,1,2,A,1,1,D,2015-16
Man City,Chelsea,3,0,H,1,0,H,2015-16
Liverpool,Bournemouth,1,0,H,1,0,H,2015-16
Crystal Palace,Aston Villa,2,1,H,0,0,D,2015-16
Leicester,Tottenham,1,1,D,0,0,D,2015-16
Man United,Newcastle,0,0,D,0,0,D,2015-16
Norwich,Stoke,1,1,D,1,1,D,2015-16
Sunderland,Swansea,1,1,D,0,1,A,2015-16
West Ham,Bournemouth,3,4,A,0,2,A,2015-16
Everton,Man City,0,2,A,0,0,D,2015-16
Watford,Southampton,0,0,D,0,0,D,2015-16
West Brom,Chelsea,2,3,A,1,3,A,2015-16
Arsenal,Liverpool,0,0,D,0,0,D,2015-16
Aston Villa,Sunderland,2,2,D,2,1,H,2015-16
Bournemouth,Leicester,1,1,D,1,0,H,2015-16
Chelsea,Crystal Palace,1,2,A,0,0,D,2015-16
Liverpool,West Ham,0,3,A,0,2,A,2015-16
Man City,Watford,2,0,H,0,0,D,2015-16
Newcastle,Arsenal,0,1,A,0,0,D,2015-16
Stoke,West Brom,0,1,A,0,1,A,2015-16
Tottenham,Everton,0,0,D,0,0,D,2015-16
Southampton,Norwich,3,0,H,1,0,H,2015-16
Swansea,Man United,2,1,H,0,0,D,2015-16
Arsenal,Stoke,2,0,H,1,0,H,2015-16
Crystal Palace,Man City,0,1,A,0,0,D,2015-16
Everton,Chelsea,3,1,H,2,1,H,2015-16
Man United,Liverpool,3,1,H,0,0,D,2015-16
Norwich,Bournemouth,3,1,H,1,0,H,2015-16
Watford,Swansea,1,0,H,0,0,D,2015-16
West Brom,Southampton,0,0,D,0,0,D,2015-16
Leicester,Aston Villa,3,2,H,0,1,A,2015-16
Sunderland,Tottenham,0,1,A,0,0,D,2015-16
West Ham,Newcastle,2,0,H,1,0,H,2015-16
Aston Villa,West Brom,0,1,A,0,1,A,2015-16
Bournemouth,Sunderland,2,0,H,2,0,H,2015-16
Chelsea,Arsenal,2,0,H,0,0,D,2015-16
Man City,West Ham,1,2,A,1,2,A,2015-16
Newcastle,Watford,1,2,A,0,2,A,2015-16
Stoke,Leicester,2,2,D,2,0,H,2015-16
Swansea,Everton,0,0,D,0,0,D,2015-16
Liverpool,Norwich,1,1,D,0,0,D,2015-16
Southampton,Man United,2,3,A,1,1,D,2015-16
Tottenham,Crystal Palace,1,0,H,0,0,D,2015-16
Leicester,Arsenal,2,5,A,1,2,A,2015-16
Liverpool,Aston Villa,3,2,H,1,0,H,2015-16
Man United,Sunderland,3,0,H,1,0,H,2015-16
Newcastle,Chelsea,2,2,D,1,0,H,2015-16
Southampton,Swansea,3,1,H,1,0,H,2015-16
Stoke,Bournemouth,2,1,H,1,0,H,2015-16
Tottenham,Man City,4,1,H,1,1,D,2015-16
West Ham,Norwich,2,2,D,1,1,D,2015-16
Watford,Crystal Palace,0,1,A,0,0,D,2015-16
West Brom,Everton,2,3,A,1,0,H,2015-16
Aston Villa,Stoke,0,1,A,0,0,D,2015-16
Bournemouth,Watford,1,1,D,1,1,D,2015-16
Chelsea,Southampton,1,3,A,1,1,D,2015-16
Crystal Palace,West Brom,2,0,H,0,0,D,2015-16
Man City,Newcastle,6,1,H,1,1,D,2015-16
Norwich,Leicester,1,2,A,0,1,A,2015-16
Sunderland,West Ham,2,2,D,2,1,H,2015-16
Arsenal,Man United,3,0,H,3,0,H,2015-16
Everton,Liverpool,1,1,D,1,1,D,2015-16
Swansea,Tottenham,2,2,D,2,1,H,2015-16
Chelsea,Aston Villa,2,0,H,1,0,H,2015-16
Crystal Palace,West Ham,1,3,A,1,1,D,2015-16
Everton,Man United,0,3,A,0,2,A,2015-16
Man City,Bournemouth,5,1,H,4,1,H,2015-16
Southampton,Leicester,2,2,D,2,0,H,2015-16
Tottenham,Liverpool,0,0,D,0,0,D,2015-16
Watford,Arsenal,0,3,A,0,0,D,2015-16
West Brom,Sunderland,1,0,H,0,0,D,2015-16
Newcastle,Norwich,6,2,H,3,2,H,2015-16
Swansea,Stoke,0,1,A,0,1,A,2015-16
Arsenal,Everton,2,1,H,2,1,H,2015-16
Aston Villa,Swansea,1,2,A,0,0,D,2015-16
Leicester,Crystal Palace,1,0,H,0,0,D,2015-16
Norwich,West Brom,0,1,A,0,0,D,2015-16
Stoke,Watford,0,2,A,0,1,A,2015-16
West Ham,Chelsea,2,1,H,1,0,H,2015-16
Bournemouth,Tottenham,1,5,A,1,3,A,2015-16
Liverpool,Southampton,1,1,D,0,0,D,2015-16
Man United,Man City,0,0,D,0,0,D,2015-16
Sunderland,Newcastle,3,0,H,1,0,H,2015-16
Chelsea,Liverpool,1,3,A,1,1,D,2015-16
Crystal Palace,Man United,0,0,D,0,0,D,2015-16
Man City,Norwich,2,1,H,0,0,D,2015-16
Newcastle,Stoke,0,0,D,0,0,D,2015-16
Swansea,Arsenal,0,3,A,0,0,D,2015-16
Watford,West Ham,2,0,H,1,0,H,2015-16
West Brom,Leicester,2,3,A,1,0,H,2015-16
Everton,Sunderland,6,2,H,2,1,H,2015-16
Southampton,Bournemouth,2,0,H,2,0,H,2015-16
Tottenham,Aston Villa,3,1,H,2,0,H,2015-16
Bournemouth,Newcastle,0,1,A,0,1,A,2015-16
Leicester,Watford,2,1,H,0,0,D,2015-16
Man United,West Brom,2,0,H,0,0,D,2015-16
Norwich,Swansea,1,0,H,0,0,D,2015-16
Stoke,Chelsea,1,0,H,0,0,D,2015-16
Sunderland,Southampton,0,1,A,0,0,D,2015-16
West Ham,Everton,1,1,D,1,1,D,2015-16
Arsenal,Tottenham,1,1,D,0,1,A,2015-16
Aston Villa,Man City,0,0,D,0,0,D,2015-16
Liverpool,Crystal Palace,1,2,A,1,1,D,2015-16
Chelsea,Norwich,1,0,H,0,0,D,2015-16
Everton,Aston Villa,4,0,H,3,0,H,2015-16
Man City,Liverpool,1,4,A,1,3,A,2015-16
Newcastle,Leicester,0,3,A,0,1,A,2015-16
Southampton,Stoke,0,1,A,0,1,A,2015-16
Swansea,Bournemouth,2,2,D,2,2,D,2015-16
Watford,Man United,1,2,A,0,1,A,2015-16
West Brom,Arsenal,2,1,H,2,1,H,2015-16
Tottenham,West Ham,4,1,H,2,0,H,2015-16
Crystal Palace,Sunderland,0,1,A,0,0,D,2015-16
Aston Villa,Watford,2,3,A,1,1,D,2015-16
Bournemouth,Everton,3,3,D,0,2,A,2015-16
Crystal Palace,Newcastle,5,1,H,3,1,H,2015-16
Leicester,Man United,1,1,D,1,1,D,2015-16
Man City,Southampton,3,1,H,2,0,H,2015-16
Sunderland,Stoke,2,0,H,0,0,D,2015-16
Liverpool,Swansea,1,0,H,0,0,D,2015-16
Norwich,Arsenal,1,1,D,1,1,D,2015-16
Tottenham,Chelsea,0,0,D,0,0,D,2015-16
West Ham,West Brom,1,1,D,1,0,H,2015-16
Arsenal,Sunderland,3,1,H,1,1,D,2015-16
Chelsea,Bournemouth,0,1,A,0,0,D,2015-16
Man United,West Ham,0,0,D,0,0,D,2015-16
Southampton,Aston Villa,1,1,D,0,1,A,2015-16
Stoke,Man City,2,0,H,2,0,H,2015-16
Swansea,Leicester,0,3,A,0,2,A,2015-16
Watford,Norwich,2,0,H,1,0,H,2015-16
West Brom,Tottenham,1,1,D,1,1,D,2015-16
Newcastle,Liverpool,2,0,H,0,0,D,2015-16
Everton,Crystal Palace,1,1,D,0,0,D,2015-16
Bournemouth,Man United,2,1,H,1,1,D,2015-16
Crystal Palace,Southampton,1,0,H,1,0,H,2015-16
Man City,Swansea,2,1,H,1,0,H,2015-16
Norwich,Everton,1,1,D,0,1,A,2015-16
Sunderland,Watford,0,1,A,0,1,A,2015-16
West Ham,Stoke,0,0,D,0,0,D,2015-16
Aston Villa,Arsenal,0,2,A,0,2,A,2015-16
Liverpool,West Brom,2,2,D,1,1,D,2015-16
Tottenham,Newcastle,1,2,A,1,0,H,2015-16
Leicester,Chelsea,2,1,H,1,0,H,2015-16
Chelsea,Sunderland,3,1,H,2,0,H,2015-16
Everton,Leicester,2,3,A,1,1,D,2015-16
Man United,Norwich,1,2,A,0,1,A,2015-16
Newcastle,Aston Villa,1,1,D,1,0,H,2015-16
Southampton,Tottenham,0,2,A,0,2,A,2015-16
Stoke,Crystal Palace,1,2,A,0,1,A,2015-16
West Brom,Bournemouth,1,2,A,0,0,D,2015-16
Swansea,West Ham,0,0,D,0,0,D,2015-16
Watford,Liverpool,3,0,H,2,0,H,2015-16
Arsenal,Man City,2,1,H,2,0,H,2015-16
Aston Villa,West Ham,1,1,D,0,1,A,2015-16
Bournemouth,Crystal Palace,0,0,D,0,0,D,2015-16
Chelsea,Watford,2,2,D,1,1,D,2015-16
Liverpool,Leicester,1,0,H,0,0,D,2015-16
Man City,Sunderland,4,1,H,3,0,H,2015-16
Newcastle,Everton,0,1,A,0,0,D,2015-16
Southampton,Arsenal,4,0,H,1,0,H,2015-16
Stoke,Man United,2,0,H,2,0,H,2015-16
Swansea,West Brom,1,0,H,1,0,H,2015-16
Tottenham,Norwich,3,0,H,2,0,H,2015-16
Arsenal,Bournemouth,2,0,H,1,0,H,2015-16
Crystal Palace,Swansea,0,0,D,0,0,D,2015-16
Everton,Stoke,3,4,A,1,2,A,2015-16
Man United,Chelsea,0,0,D,0,0,D,2015-16
Norwich,Aston Villa,2,0,H,1,0,H,2015-16
Watford,Tottenham,1,2,A,1,1,D,2015-16
West Brom,Newcastle,1,0,H,0,0,D,2015-16
West Ham,Southampton,2,1,H,0,1,A,2015-16
Leicester,Man City,0,0,D,0,0,D,2015-16
Sunderland,Liverpool,0,1,A,0,0,D,2015-16
Arsenal,Newcastle,1,0,H,0,0,D,2015-16
Leicester,Bournemouth,0,0,D,0,0,D,2015-16
Man United,Swansea,2,1,H,0,0,D,2015-16
Norwich,Southampton,1,0,H,0,0,D,2015-16
Sunderland,Aston Villa,3,1,H,1,0,H,2015-16
Watford,Man City,1,2,A,0,0,D,2015-16
West Brom,Stoke,2,1,H,0,0,D,2015-16
West Ham,Liverpool,2,0,H,1,0,H,2015-16
Crystal Palace,Chelsea,0,3,A,0,1,A,2015-16
Everton,Tottenham,1,1,D,1,1,D,2015-16
Aston Villa,Crystal Palace,1,0,H,0,0,D,2015-16
Bournemouth,West Ham,1,3,A,1,0,H,2015-16
Newcastle,Man United,3,3,D,1,2,A,2015-16
Chelsea,West Brom,2,2,D,1,1,D,2015-16
Liverpool,Arsenal,3,3,D,2,2,D,2015-16
Man City,Everton,0,0,D,0,0,D,2015-16
Southampton,Watford,2,0,H,1,0,H,2015-16
Stoke,Norwich,3,1,H,0,0,D,2015-16
Swansea,Sunderland,2,4,A,2,1,H,2015-16
Tottenham,Leicester,0,1,A,0,0,D,2015-16
Aston Villa,Leicester,1,1,D,0,1,A,2015-16
Bournemouth,Norwich,3,0,H,1,0,H,2015-16
Chelsea,Everton,3,3,D,0,0,D,2015-16
Man City,Crystal Palace,4,0,H,2,0,H,2015-16
Newcastle,West Ham,2,1,H,2,0,H,2015-16
Southampton,West Brom,3,0,H,2,0,H,2015-16
Tottenham,Sunderland,4,1,H,1,1,D,2015-16
Liverpool,Man United,0,1,A,0,0,D,2015-16
Stoke,Arsenal,0,0,D,0,0,D,2015-16
Swansea,Watford,1,0,H,1,0,H,2015-16
Crystal Palace,Tottenham,1,3,A,1,0,H,2015-16
Leicester,Stoke,3,0,H,1,0,H,2015-16
Man United,Southampton,0,1,A,0,0,D,2015-16
Norwich,Liverpool,4,5,A,2,1,H,2015-16
Sunderland,Bournemouth,1,1,D,1,1,D,2015-16
Watford,Newcastle,2,1,H,0,0,D,2015-16
West Brom,Aston Villa,0,0,D,0,0,D,2015-16
West Ham,Man City,2,2,D,1,1,D,2015-16
Arsenal,Chelsea,0,1,A,0,1,A,2015-16
Everton,Swansea,1,2,A,1,2,A,2015-16
Arsenal,Southampton,0,0,D,0,0,D,2015-16
Crystal Palace,Bournemouth,1,2,A,1,1,D,2015-16
Leicester,Liverpool,2,0,H,0,0,D,2015-16
Man United,Stoke,3,0,H,2,0,H,2015-16
Norwich,Tottenham,0,3,A,0,2,A,2015-16
Sunderland,Man City,0,1,A,0,1,A,2015-16
West Brom,Swansea,1,1,D,0,0,D,2015-16
West Ham,Aston Villa,2,0,H,0,0,D,2015-16
Everton,Newcastle,3,0,H,1,0,H,2015-16
Watford,Chelsea,0,0,D,0,0,D,2015-16
Aston Villa,Norwich,2,0,H,1,0,H,2015-16
Liverpool,Sunderland,2,2,D,0,0,D,2015-16
Man City,Leicester,1,3,A,0,1,A,2015-16
Newcastle,West Brom,1,0,H,1,0,H,2015-16
Southampton,West Ham,1,0,H,1,0,H,2015-16
Stoke,Everton,0,3,A,0,3,A,2015-16
Swansea,Crystal Palace,1,1,D,1,0,H,2015-16
Tottenham,Watford,1,0,H,0,0,D,2015-16
Bournemouth,Arsenal,0,2,A,0,2,A,2015-16
Chelsea,Man United,1,1,D,0,0,D,2015-16
Bournemouth,Stoke,1,3,A,0,1,A,2015-16
Chelsea,Newcastle,5,1,H,3,0,H,2015-16
Crystal Palace,Watford,1,2,A,1,1,D,2015-16
Everton,West Brom,0,1,A,0,1,A,2015-16
Norwich,West Ham,2,2,D,0,0,D,2015-16
Sunderland,Man United,2,1,H,1,1,D,2015-16
Swansea,Southampton,0,1,A,0,0,D,2015-16
Arsenal,Leicester,2,1,H,0,1,A,2015-16
Aston Villa,Liverpool,0,6,A,0,2,A,2015-16
Man City,Tottenham,1,2,A,0,0,D,2015-16
Leicester,Norwich,1,0,H,0,0,D,2015-16
Southampton,Chelsea,1,2,A,1,0,H,2015-16
Stoke,Aston Villa,2,1,H,0,0,D,2015-16
Watford,Bournemouth,0,0,D,0,0,D,2015-16
West Brom,Crystal Palace,3,2,H,3,0,H,2015-16
West Ham,Sunderland,1,0,H,1,0,H,2015-16
Tottenham,Swansea,2,1,H,0,1,A,2015-16
Man United,Arsenal,3,2,H,2,1,H,2015-16
Aston Villa,Everton,1,3,A,0,2,A,2015-16
Bournemouth,Southampton,2,0,H,1,0,H,2015-16
Leicester,West Brom,2,2,D,2,1,H,2015-16
Norwich,Chelsea,1,2,A,0,2,A,2015-16
Sunderland,Crystal Palace,2,2,D,1,0,H,2015-16
Arsenal,Swansea,1,2,A,1,1,D,2015-16
Liverpool,Man City,3,0,H,2,0,H,2015-16
Man United,Watford,1,0,H,0,0,D,2015-16
Stoke,Newcastle,1,0,H,0,0,D,2015-16
West Ham,Tottenham,1,0,H,1,0,H,2015-16
Chelsea,Stoke,1,1,D,1,0,H,2015-16
Everton,West Ham,2,3,A,1,0,H,2015-16
Man City,Aston Villa,4,0,H,0,0,D,2015-16
Newcastle,Bournemouth,1,3,A,0,1,A,2015-16
Southampton,Sunderland,1,1,D,0,0,D,2015-16
Swansea,Norwich,1,0,H,0,0,D,2015-16
Tottenham,Arsenal,2,2,D,0,1,A,2015-16
Watford,Leicester,0,1,A,0,0,D,2015-16
Crystal Palace,Liverpool,1,2,A,0,0,D,2015-16
West Brom,Man United,1,0,H,0,0,D,2015-16
Bournemouth,Swansea,3,2,H,1,1,D,2015-16
Norwich,Man City,0,0,D,0,0,D,2015-16
Stoke,Southampton,1,2,A,0,2,A,2015-16
Aston Villa,Tottenham,0,2,A,0,1,A,2015-16
Leicester,Newcastle,1,0,H,1,0,H,2015-16
Chelsea,West Ham,2,2,D,1,1,D,2015-16
Crystal Palace,Leicester,0,1,A,0,1,A,2015-16
Everton,Arsenal,0,2,A,0,2,A,2015-16
Swansea,Aston Villa,1,0,H,0,0,D,2015-16
Watford,Stoke,1,2,A,0,1,A,2015-16
West Brom,Norwich,0,1,A,0,0,D,2015-16
Man City,Man United,0,1,A,0,1,A,2015-16
Newcastle,Sunderland,1,1,D,0,1,A,2015-16
Southampton,Liverpool,3,2,H,0,2,A,2015-16
Tottenham,Bournemouth,3,0,H,2,0,H,2015-16
Arsenal,Watford,4,0,H,2,0,H,2015-16
Aston Villa,Chelsea,0,4,A,0,2,A,2015-16
Bournemouth,Man City,0,4,A,0,3,A,2015-16
Liverpool,Tottenham,1,1,D,0,0,D,2015-16
Norwich,Newcastle,3,2,H,1,0,H,2015-16
Stoke,Swansea,2,2,D,1,0,H,2015-16
Sunderland,West Brom,0,0,D,0,0,D,2015-16
West Ham,Crystal Palace,2,2,D,2,1,H,2015-16
Leicester,Southampton,1,0,H,1,0,H,2015-16
Man United,Everton,1,0,H,0,0,D,2015-16
Aston Villa,Bournemouth,1,2,A,0,1,A,2015-16
Crystal Palace,Norwich,1,0,H,0,0,D,2015-16
Man City,West Brom,2,1,H,1,1,D,2015-16
Southampton,Newcastle,3,1,H,2,0,H,2015-16
Swansea,Chelsea,1,0,H,1,0,H,2015-16
Watford,Everton,1,1,D,1,1,D,2015-16
West Ham,Arsenal,3,3,D,2,2,D,2015-16
Liverpool,Stoke,4,1,H,2,1,H,2015-16
Sunderland,Leicester,0,2,A,0,0,D,2015-16
Tottenham,Man United,3,0,H,0,0,D,2015-16
Crystal Palace,Everton,0,0,D,0,0,D,2015-16
Chelsea,Man City,0,3,A,0,1,A,2015-16
Everton,Southampton,1,1,D,0,0,D,2015-16
Man United,Aston Villa,1,0,H,1,0,H,2015-16
Newcastle,Swansea,3,0,H,1,0,H,2015-16
Norwich,Sunderland,0,3,A,0,1,A,2015-16
West Brom,Watford,0,1,A,0,1,A,2015-16
Arsenal,Crystal Palace,1,1,D,1,0,H,2015-16
Bournemouth,Liverpool,1,2,A,0,2,A,2015-16
Leicester,West Ham,2,2,D,1,0,H,2015-16
Stoke,Tottenham,0,4,A,0,1,A,2015-16
Newcastle,Man City,1,1,D,1,1,D,2015-16
Liverpool,Everton,4,0,H,2,0,H,2015-16
Man United,Crystal Palace,2,0,H,1,0,H,2015-16
West Ham,Watford,3,1,H,2,0,H,2015-16
Arsenal,West Brom,2,0,H,2,0,H,2015-16
Aston Villa,Southampton,2,4,A,1,2,A,2015-16
Bournemouth,Chelsea,1,4,A,1,2,A,2015-16
Liverpool,Newcastle,2,2,D,2,0,H,2015-16
Man City,Stoke,4,0,H,2,0,H,2015-16
Leicester,Swansea,4,0,H,2,0,H,2015-16
Sunderland,Arsenal,0,0,D,0,0,D,2015-16
Tottenham,West Brom,1,1,D,1,0,H,2015-16
Arsenal,Norwich,1,0,H,0,0,D,2015-16
Everton,Bournemouth,2,1,H,1,1,D,2015-16
Newcastle,Crystal Palace,1,0,H,0,0,D,2015-16
Stoke,Sunderland,1,1,D,0,0,D,2015-16
Watford,Aston Villa,3,2,H,1,1,D,2015-16
West Brom,West Ham,0,3,A,0,2,A,2015-16
Man United,Leicester,1,1,D,1,1,D,2015-16
Southampton,Man City,4,2,H,2,1,H,2015-16
Swansea,Liverpool,3,1,H,2,0,H,2015-16
Chelsea,Tottenham,2,2,D,0,2,A,2015-16
Aston Villa,Newcastle,0,0,D,0,0,D,2015-16
Bournemouth,West Brom,1,1,D,0,1,A,2015-16
Crystal Palace,Stoke,2,1,H,0,1,A,2015-16
Leicester,Everton,3,1,H,2,0,H,2015-16
Norwich,Man United,0,1,A,0,0,D,2015-16
Sunderland,Chelsea,3,2,H,1,2,A,2015-16
West Ham,Swansea,1,4,A,0,2,A,2015-16
Liverpool,Watford,2,0,H,1,0,H,2015-16
Man City,Arsenal,2,2,D,1,1,D,2015-16
Tottenham,Southampton,1,2,A,1,1,D,2015-16
West Ham,Man United,3,2,H,1,0,H,2015-16
Liverpool,Chelsea,1,1,D,0,1,A,2015-16
Norwich,Watford,4,2,H,3,1,H,2015-16
Sunderland,Everton,3,0,H,2,0,H,2015-16
Arsenal,Aston Villa,4,0,H,1,0,H,2015-16
Chelsea,Leicester,1,1,D,0,0,D,2015-16
Everton,Norwich,3,0,H,2,0,H,2015-16
Newcastle,Tottenham,5,1,H,2,0,H,2015-16
Southampton,Crystal Palace,4,1,H,1,0,H,2015-16
Stoke,West Ham,2,1,H,0,1,A,2015-16
Swansea,Man City,1,1,D,1,1,D,2015-16
Watford,Sunderland,2,2,D,0,1,A,2015-16
West Brom,Liverpool,1,1,D,1,1,D,2015-16
Man United,Bournemouth,3,1,H,1,0,H,2015-16
Burnley,Swansea,0,1,A,0,0,D,2016-17
Crystal Palace,West Brom,0,1,A,0,0,D,2016-17
Everton,Tottenham,1,1,D,1,0,H,2016-17
Hull,Leicester,2,1,H,1,0,H,2016-17
Man City,Sunderland,2,1,H,1,0,H,2016-17
Middlesbrough,Stoke,1,1,D,1,0,H,2016-17
Southampton,Watford,1,1,D,0,1,A,2016-17
Arsenal,Liverpool,3,4,A,1,1,D,2016-17
Bournemouth,Man United,1,3,A,0,1,A,2016-17
Chelsea,West Ham,2,1,H,0,0,D,2016-17
Man United,Southampton,2,0,H,1,0,H,2016-17
Burnley,Liverpool,2,0,H,2,0,H,2016-17
Leicester,Arsenal,0,0,D,0,0,D,2016-17
Stoke,Man City,1,4,A,0,2,A,2016-17
Swansea,Hull,0,2,A,0,0,D,2016-17
Tottenham,Crystal Palace,1,0,H,0,0,D,2016-17
Watford,Chelsea,1,2,A,0,0,D,2016-17
West Brom,Everton,1,2,A,1,1,D,2016-17
Sunderland,Middlesbrough,1,2,A,0,2,A,2016-17
West Ham,Bournemouth,1,0,H,0,0,D,2016-17
Chelsea,Burnley,3,0,H,2,0,H,2016-17
Crystal Palace,Bournemouth,1,1,D,0,1,A,2016-17
Everton,Stoke,1,0,H,0,0,D,2016-17
Hull,Man United,0,1,A,0,0,D,2016-17
Leicester,Swansea,2,1,H,1,0,H,2016-17
Southampton,Sunderland,1,1,D,0,0,D,2016-17
Tottenham,Liverpool,1,1,D,0,1,A,2016-17
Watford,Arsenal,1,3,A,0,3,A,2016-17
Man City,West Ham,3,1,H,2,0,H,2016-17
West Brom,Middlesbrough,0,0,D,0,0,D,2016-17
Arsenal,Southampton,2,1,H,1,1,D,2016-17
Bournemouth,West Brom,1,0,H,0,0,D,2016-17
Burnley,Hull,1,1,D,0,0,D,2016-17
Liverpool,Leicester,4,1,H,2,1,H,2016-17
Man United,Man City,1,2,A,1,2,A,2016-17
Middlesbrough,Crystal Palace,1,2,A,1,1,D,2016-17
Stoke,Tottenham,0,4,A,0,1,A,2016-17
West Ham,Watford,2,4,A,2,2,D,2016-17
Swansea,Chelsea,2,2,D,0,1,A,2016-17
Sunderland,Everton,0,3,A,0,0,D,2016-17
Chelsea,Liverpool,1,2,A,0,2,A,2016-17
Everton,Middlesbrough,3,1,H,3,1,H,2016-17
Hull,Arsenal,1,4,A,0,1,A,2016-17
Leicester,Burnley,3,0,H,1,0,H,2016-17
Man City,Bournemouth,4,0,H,2,0,H,2016-17
West Brom,West Ham,4,2,H,3,0,H,2016-17
Crystal Palace,Stoke,4,1,H,2,0,H,2016-17
Southampton,Swansea,1,0,H,0,0,D,2016-17
Tottenham,Sunderland,1,0,H,0,0,D,2016-17
Watford,Man United,3,1,H,1,0,H,2016-17
Arsenal,Chelsea,3,0,H,3,0,H,2016-17
Bournemouth,Everton,1,0,H,1,0,H,2016-17
Liverpool,Hull,5,1,H,3,0,H,2016-17
Man United,Leicester,4,1,H,4,0,H,2016-17
Middlesbrough,Tottenham,1,2,A,0,2,A,2016-17
Stoke,West Brom,1,1,D,0,0,D,2016-17
Sunderland,Crystal Palace,2,3,A,1,0,H,2016-17
Swansea,Man City,1,3,A,1,1,D,2016-17
West Ham,Southampton,0,3,A,0,1,A,2016-17
Burnley,Watford,2,0,H,1,0,H,2016-17
Everton,Crystal Palace,1,1,D,1,0,H,2016-17
Hull,Chelsea,0,2,A,0,0,D,2016-17
Sunderland,West Brom,1,1,D,0,1,A,2016-17
Swansea,Liverpool,1,2,A,1,0,H,2016-17
Watford,Bournemouth,2,2,D,0,1,A,2016-17
West Ham,Middlesbrough,1,1,D,0,0,D,2016-17
Burnley,Arsenal,0,1,A,0,0,D,2016-17
Leicester,Southampton,0,0,D,0,0,D,2016-17
Man United,Stoke,1,1,D,0,0,D,2016-17
Tottenham,Man City,2,0,H,2,0,H,2016-17
Arsenal,Swansea,3,2,H,2,1,H,2016-17
Bournemouth,Hull,6,1,H,3,1,H,2016-17
Chelsea,Leicester,3,0,H,2,0,H,2016-17
Crystal Palace,West Ham,0,1,A,0,1,A,2016-17
Man City,Everton,1,1,D,0,0,D,2016-17
Stoke,Sunderland,2,0,H,2,0,H,2016-17
West Brom,Tottenham,1,1,D,0,0,D,2016-17
Middlesbrough,Watford,0,1,A,0,0,D,2016-17
Southampton,Burnley,3,1,H,0,0,D,2016-17
Liverpool,Man United,0,0,D,0,0,D,2016-17
Arsenal,Middlesbrough,0,0,D,0,0,D,2016-17
Bournemouth,Tottenham,0,0,D,0,0,D,2016-17
Burnley,Everton,2,1,H,1,0,H,2016-17
Hull,Stoke,0,2,A,0,1,A,2016-17
Leicester,Crystal Palace,3,1,H,1,0,H,2016-17
Liverpool,West Brom,2,1,H,2,0,H,2016-17
Swansea,Watford,0,0,D,0,0,D,2016-17
West Ham,Sunderland,1,0,H,0,0,D,2016-17
Chelsea,Man United,4,0,H,2,0,H,2016-17
Man City,Southampton,1,1,D,0,1,A,2016-17
Crystal Palace,Liverpool,2,4,A,2,3,A,2016-17
Man United,Burnley,0,0,D,0,0,D,2016-17
Middlesbrough,Bournemouth,2,0,H,1,0,H,2016-17
Sunderland,Arsenal,1,4,A,0,1,A,2016-17
Tottenham,Leicester,1,1,D,1,0,H,2016-17
Watford,Hull,1,0,H,0,0,D,2016-17
West Brom,Man City,0,4,A,0,2,A,2016-17
Everton,West Ham,2,0,H,0,0,D,2016-17
Southampton,Chelsea,0,2,A,0,1,A,2016-17
Stoke,Swansea,3,1,H,1,1,D,2016-17
Bournemouth,Sunderland,1,2,A,1,1,D,2016-17
Burnley,Crystal Palace,3,2,H,2,0,H,2016-17
Chelsea,Everton,5,0,H,3,0,H,2016-17
Man City,Middlesbrough,1,1,D,1,0,H,2016-17
West Ham,Stoke,1,1,D,0,0,D,2016-17
Arsenal,Tottenham,1,1,D,1,0,H,2016-17
Hull,Southampton,2,1,H,0,1,A,2016-17
Leicester,West Brom,1,2,A,0,0,D,2016-17
Liverpool,Watford,6,1,H,3,0,H,2016-17
Swansea,Man United,1,3,A,0,3,A,2016-17
Crystal Palace,Man City,1,2,A,0,1,A,2016-17
Everton,Swansea,1,1,D,0,1,A,2016-17
Man United,Arsenal,1,1,D,0,0,D,2016-17
Southampton,Liverpool,0,0,D,0,0,D,2016-17
Stoke,Bournemouth,0,1,A,0,1,A,2016-17
Sunderland,Hull,3,0,H,1,0,H,2016-17
Tottenham,West Ham,3,2,H,0,1,A,2016-17
Watford,Leicester,2,1,H,2,1,H,2016-17
Middlesbrough,Chelsea,0,1,A,0,1,A,2016-17
West Brom,Burnley,4,0,H,3,0,H,2016-17
Burnley,Man City,1,2,A,1,1,D,2016-17
Chelsea,Tottenham,2,1,H,1,1,D,2016-17
Hull,West Brom,1,1,D,0,1,A,2016-17
Leicester,Middlesbrough,2,2,D,1,1,D,2016-17
Liverpool,Sunderland,2,0,H,0,0,D,2016-17
Swansea,Crystal Palace,5,4,H,1,1,D,2016-17
Arsenal,Bournemouth,3,1,H,1,1,D,2016-17
Man United,West Ham,1,1,D,1,1,D,2016-17
Southampton,Everton,1,0,H,1,0,H,2016-17
Watford,Stoke,0,1,A,0,1,A,2016-17
Crystal Palace,Southampton,3,0,H,2,0,H,2016-17
Man City,Chelsea,1,3,A,1,0,H,2016-17
Stoke,Burnley,2,0,H,2,0,H,2016-17
Sunderland,Leicester,2,1,H,0,0,D,2016-17
Tottenham,Swansea,5,0,H,2,0,H,2016-17
West Brom,Watford,3,1,H,2,0,H,2016-17
West Ham,Arsenal,1,5,A,0,1,A,2016-17
Bournemouth,Liverpool,4,3,H,0,2,A,2016-17
Everton,Man United,1,1,D,0,1,A,2016-17
Middlesbrough,Hull,1,0,H,0,0,D,2016-17
Arsenal,Stoke,3,1,H,1,1,D,2016-17
Burnley,Bournemouth,3,2,H,2,1,H,2016-17
Hull,Crystal Palace,3,3,D,1,0,H,2016-17
Leicester,Man City,4,2,H,3,0,H,2016-17
Swansea,Sunderland,3,0,H,0,0,D,2016-17
Watford,Everton,3,2,H,1,1,D,2016-17
Chelsea,West Brom,1,0,H,0,0,D,2016-17
Liverpool,West Ham,2,2,D,1,2,A,2016-17
Man United,Tottenham,1,0,H,1,0,H,2016-17
Southampton,Middlesbrough,1,0,H,0,0,D,2016-17
Bournemouth,Leicester,1,0,H,1,0,H,2016-17
Everton,Arsenal,2,1,H,1,1,D,2016-17
Crystal Palace,Man United,1,2,A,0,1,A,2016-17
Man City,Watford,2,0,H,1,0,H,2016-17
Middlesbrough,Liverpool,0,3,A,0,1,A,2016-17
Stoke,Southampton,0,0,D,0,0,D,2016-17
Sunderland,Chelsea,0,1,A,0,1,A,2016-17
Tottenham,Hull,3,0,H,1,0,H,2016-17
West Brom,Swansea,3,1,H,0,0,D,2016-17
West Ham,Burnley,1,0,H,1,0,H,2016-17
Crystal Palace,Chelsea,0,1,A,0,1,A,2016-17
Middlesbrough,Swansea,3,0,H,2,0,H,2016-17
Stoke,Leicester,2,2,D,2,0,H,2016-17
Sunderland,Watford,1,0,H,0,0,D,2016-17
West Brom,Man United,0,2,A,0,1,A,2016-17
West Ham,Hull,1,0,H,0,0,D,2016-17
Bournemouth,Southampton,1,3,A,1,1,D,2016-17
Man City,Arsenal,2,1,H,0,1,A,2016-17
Tottenham,Burnley,2,1,H,1,1,D,2016-17
Everton,Liverpool,0,1,A,0,0,D,2016-17
Arsenal,West Brom,1,0,H,0,0,D,2016-17
Burnley,Middlesbrough,1,0,H,0,0,D,2016-17
Chelsea,Bournemouth,3,0,H,1,0,H,2016-17
Hull,Man City,0,3,A,0,0,D,2016-17
Leicester,Everton,0,2,A,0,0,D,2016-17
Man United,Sunderland,3,1,H,1,0,H,2016-17
Swansea,West Ham,1,4,A,0,1,A,2016-17
Watford,Crystal Palace,1,1,D,0,1,A,2016-17
Liverpool,Stoke,4,1,H,2,1,H,2016-17
Southampton,Tottenham,1,4,A,1,1,D,2016-17
Hull,Everton,2,2,D,1,1,D,2016-17
Burnley,Sunderland,4,1,H,1,0,H,2016-17
Chelsea,Stoke,4,2,H,1,0,H,2016-17
Leicester,West Ham,1,0,H,1,0,H,2016-17
Liverpool,Man City,1,0,H,1,0,H,2016-17
Man United,Middlesbrough,2,1,H,0,0,D,2016-17
Southampton,West Brom,1,2,A,1,1,D,2016-17
Swansea,Bournemouth,0,3,A,0,2,A,2016-17
Arsenal,Crystal Palace,2,0,H,1,0,H,2016-17
Watford,Tottenham,1,4,A,0,3,A,2016-17
Everton,Southampton,3,0,H,0,0,D,2016-17
Man City,Burnley,2,1,H,0,0,D,2016-17
Middlesbrough,Leicester,0,0,D,0,0,D,2016-17
Sunderland,Liverpool,2,2,D,1,1,D,2016-17
West Brom,Hull,3,1,H,0,1,A,2016-17
West Ham,Man United,0,2,A,0,0,D,2016-17
Bournemouth,Arsenal,3,3,D,2,0,H,2016-17
Crystal Palace,Swansea,1,2,A,0,1,A,2016-17
Stoke,Watford,2,0,H,1,0,H,2016-17
Tottenham,Chelsea,2,0,H,1,0,H,2016-17
Burnley,Southampton,1,0,H,0,0,D,2016-17
Hull,Bournemouth,3,1,H,1,1,D,2016-17
Leicester,Chelsea,0,3,A,0,1,A,2016-17
Sunderland,Stoke,1,3,A,1,3,A,2016-17
Swansea,Arsenal,0,4,A,0,1,A,2016-17
Tottenham,West Brom,4,0,H,2,0,H,2016-17
Watford,Middlesbrough,0,0,D,0,0,D,2016-17
West Ham,Crystal Palace,3,0,H,0,0,D,2016-17
Everton,Man City,4,0,H,1,0,H,2016-17
Man United,Liverpool,1,1,D,0,1,A,2016-17
Bournemouth,Watford,2,2,D,0,1,A,2016-17
Crystal Palace,Everton,0,1,A,0,0,D,2016-17
Liverpool,Swansea,2,3,A,0,0,D,2016-17
Man City,Tottenham,2,2,D,0,0,D,2016-17
Middlesbrough,West Ham,1,3,A,1,2,A,2016-17
Stoke,Man United,1,1,D,1,0,H,2016-17
West Brom,Sunderland,2,0,H,2,0,H,2016-17
Arsenal,Burnley,2,1,H,0,0,D,2016-17
Chelsea,Hull,2,0,H,1,0,H,2016-17
Southampton,Leicester,3,0,H,2,0,H,2016-17
Arsenal,Watford,1,2,A,0,2,A,2016-17
Bournemouth,Crystal Palace,0,2,A,0,0,D,2016-17
Burnley,Leicester,1,0,H,0,0,D,2016-17
Liverpool,Chelsea,1,1,D,0,1,A,2016-17
Middlesbrough,West Brom,1,1,D,1,1,D,2016-17
Sunderland,Tottenham,0,0,D,0,0,D,2016-17
Swansea,Southampton,2,1,H,1,0,H,2016-17
Man United,Hull,0,0,D,0,0,D,2016-17
Stoke,Everton,1,1,D,1,1,D,2016-17
West Ham,Man City,0,4,A,0,3,A,2016-17
Chelsea,Arsenal,3,1,H,1,0,H,2016-17
Crystal Palace,Sunderland,0,4,A,0,4,A,2016-17
Everton,Bournemouth,6,3,H,3,0,H,2016-17
Hull,Liverpool,2,0,H,1,0,H,2016-17
Southampton,West Ham,1,3,A,1,2,A,2016-17
Tottenham,Middlesbrough,1,0,H,0,0,D,2016-17
Watford,Burnley,2,1,H,2,0,H,2016-17
West Brom,Stoke,1,0,H,1,0,H,2016-17
Leicester,Man United,0,3,A,0,2,A,2016-17
Man City,Swansea,2,1,H,1,0,H,2016-17
Arsenal,Hull,2,0,H,1,0,H,2016-17
Liverpool,Tottenham,2,0,H,2,0,H,2016-17
Man United,Watford,2,0,H,1,0,H,2016-17
Middlesbrough,Everton,0,0,D,0,0,D,2016-17
Stoke,Crystal Palace,1,0,H,0,0,D,2016-17
Sunderland,Southampton,0,4,A,0,2,A,2016-17
West Ham,West Brom,2,2,D,0,1,A,2016-17
Burnley,Chelsea,1,1,D,1,1,D,2016-17
Swansea,Leicester,2,0,H,2,0,H,2016-17
Bournemouth,Man City,0,2,A,0,1,A,2016-17
Chelsea,Swansea,3,1,H,1,1,D,2016-17
Crystal Palace,Middlesbrough,1,0,H,1,0,H,2016-17
Everton,Sunderland,2,0,H,1,0,H,2016-17
Hull,Burnley,1,1,D,0,0,D,2016-17
Watford,West Ham,1,1,D,1,0,H,2016-17
West Brom,Bournemouth,2,1,H,2,1,H,2016-17
Tottenham,Stoke,4,0,H,4,0,H,2016-17
Leicester,Liverpool,3,1,H,2,0,H,2016-17
Leicester,Hull,3,1,H,1,1,D,2016-17
Liverpool,Arsenal,3,1,H,2,0,H,2016-17
Man United,Bournemouth,1,1,D,1,1,D,2016-17
Stoke,Middlesbrough,2,0,H,2,0,H,2016-17
Swansea,Burnley,3,2,H,1,1,D,2016-17
Watford,Southampton,3,4,A,1,2,A,2016-17
West Brom,Crystal Palace,0,2,A,0,0,D,2016-17
Sunderland,Man City,0,2,A,0,1,A,2016-17
Tottenham,Everton,3,2,H,1,0,H,2016-17
West Ham,Chelsea,1,2,A,0,1,A,2016-17
Man City,Stoke,0,0,D,0,0,D,2016-17
Bournemouth,West Ham,3,2,H,1,1,D,2016-17
Everton,West Brom,3,0,H,2,0,H,2016-17
Hull,Swansea,2,1,H,0,0,D,2016-17
Liverpool,Burnley,2,1,H,1,1,D,2016-17
Bournemouth,Swansea,2,0,H,1,0,H,2016-17
Crystal Palace,Watford,1,0,H,0,0,D,2016-17
Everton,Hull,4,0,H,1,0,H,2016-17
Stoke,Chelsea,1,2,A,1,1,D,2016-17
Sunderland,Burnley,0,0,D,0,0,D,2016-17
West Brom,Arsenal,3,1,H,1,1,D,2016-17
West Ham,Leicester,2,3,A,1,3,A,2016-17
Man City,Liverpool,1,1,D,0,0,D,2016-17
Middlesbrough,Man United,1,3,A,0,1,A,2016-17
Tottenham,Southampton,2,1,H,2,0,H,2016-17
Burnley,Tottenham,0,2,A,0,0,D,2016-17
Chelsea,Crystal Palace,1,2,A,1,2,A,2016-17
Hull,West Ham,2,1,H,0,1,A,2016-17
Leicester,Stoke,2,0,H,1,0,H,2016-17
Liverpool,Everton,3,1,H,2,1,H,2016-17
Man United,West Brom,0,0,D,0,0,D,2016-17
Southampton,Bournemouth,0,0,D,0,0,D,2016-17
Watford,Sunderland,1,0,H,0,0,D,2016-17
Arsenal,Man City,2,2,D,1,2,A,2016-17
Swansea,Middlesbrough,0,0,D,0,0,D,2016-17
Burnley,Stoke,1,0,H,0,0,D,2016-17
Leicester,Sunderland,2,0,H,0,0,D,2016-17
Man United,Everton,1,1,D,0,1,A,2016-17
Watford,West Brom,2,0,H,1,0,H,2016-17
Arsenal,West Ham,3,0,H,0,0,D,2016-17
Chelsea,Man City,2,1,H,2,1,H,2016-17
Hull,Middlesbrough,4,2,H,3,2,H,2016-17
Liverpool,Bournemouth,2,2,D,1,1,D,2016-17
Southampton,Crystal Palace,3,1,H,1,1,D,2016-17
Swansea,Tottenham,1,3,A,1,0,H,2016-17
Bournemouth,Chelsea,1,3,A,1,2,A,2016-17
Man City,Hull,3,1,H,1,0,H,2016-17
Middlesbrough,Burnley,0,0,D,0,0,D,2016-17
Stoke,Liverpool,1,2,A,1,0,H,2016-17
Tottenham,Watford,4,0,H,3,0,H,2016-17
West Brom,Southampton,0,1,A,0,1,A,2016-17
West Ham,Swansea,1,0,H,1,0,H,2016-17
Everton,Leicester,4,2,H,3,2,H,2016-17
Sunderland,Man United,0,3,A,0,1,A,2016-17
Crystal Palace,Arsenal,3,0,H,1,0,H,2016-17
Crystal Palace,Leicester,2,2,D,0,1,A,2016-17
Everton,Burnley,3,1,H,0,0,D,2016-17
Southampton,Man City,0,3,A,0,0,D,2016-17
Stoke,Hull,3,1,H,1,0,H,2016-17
Sunderland,West Ham,2,2,D,1,1,D,2016-17
Tottenham,Bournemouth,4,0,H,2,0,H,2016-17
Watford,Swansea,1,0,H,1,0,H,2016-17
Man United,Chelsea,2,0,H,1,0,H,2016-17
West Brom,Liverpool,0,1,A,0,1,A,2016-17
Middlesbrough,Arsenal,1,2,A,0,1,A,2016-17
Bournemouth,Middlesbrough,4,0,H,2,0,H,2016-17
Hull,Watford,2,0,H,0,0,D,2016-17
Swansea,Stoke,2,0,H,1,0,H,2016-17
West Ham,Everton,0,0,D,0,0,D,2016-17
Burnley,Man United,0,2,A,0,2,A,2016-17
Liverpool,Crystal Palace,1,2,A,1,1,D,2016-17
Chelsea,Southampton,4,2,H,2,1,H,2016-17
Arsenal,Leicester,1,0,H,0,0,D,2016-17
Crystal Palace,Tottenham,0,1,A,0,0,D,2016-17
Middlesbrough,Sunderland,1,0,H,1,0,H,2016-17
Man City,Man United,0,0,D,0,0,D,2016-17
Crystal Palace,Burnley,0,2,A,0,1,A,2016-17
Southampton,Hull,0,0,D,0,0,D,2016-17
Stoke,West Ham,0,0,D,0,0,D,2016-17
Sunderland,Bournemouth,0,1,A,0,0,D,2016-17
West Brom,Leicester,0,1,A,0,1,A,2016-17
Everton,Chelsea,0,3,A,0,0,D,2016-17
Man United,Swansea,1,1,D,1,0,H,2016-17
Middlesbrough,Man City,2,2,D,1,0,H,2016-17
Tottenham,Arsenal,2,0,H,0,0,D,2016-17
Watford,Liverpool,0,1,A,0,1,A,2016-17
West Ham,Tottenham,1,0,H,0,0,D,2016-17
Bournemouth,Stoke,2,2,D,0,1,A,2016-17
Burnley,West Brom,2,2,D,0,0,D,2016-17
Hull,Sunderland,0,2,A,0,0,D,2016-17
Leicester,Watford,3,0,H,1,0,H,2016-17
Man City,Crystal Palace,5,0,H,1,0,H,2016-17
Swansea,Everton,1,0,H,1,0,H,2016-17
Arsenal,Man United,2,0,H,0,0,D,2016-17
Liverpool,Southampton,0,0,D,0,0,D,2016-17
Chelsea,Middlesbrough,3,0,H,2,0,H,2016-17
Southampton,Arsenal,0,2,A,0,0,D,2016-17
Everton,Watford,1,0,H,0,0,D,2016-17
West Brom,Chelsea,0,1,A,0,0,D,2016-17
Bournemouth,Burnley,2,1,H,1,0,H,2016-17
Man City,Leicester,2,1,H,2,1,H,2016-17
Middlesbrough,Southampton,1,2,A,0,1,A,2016-17
Stoke,Arsenal,1,4,A,0,1,A,2016-17
Sunderland,Swansea,0,2,A,0,2,A,2016-17
Crystal Palace,Hull,4,0,H,2,0,H,2016-17
Tottenham,Man United,2,1,H,1,0,H,2016-17
West Ham,Liverpool,0,4,A,0,1,A,2016-17
Chelsea,Watford,4,3,H,2,1,H,2016-17
Arsenal,Sunderland,2,0,H,0,0,D,2016-17
Man City,West Brom,3,1,H,2,0,H,2016-17
Southampton,Man United,0,0,D,0,0,D,2016-17
Leicester,Tottenham,1,6,A,0,2,A,2016-17
Arsenal,Everton,3,1,H,2,0,H,2016-17
Burnley,West Ham,1,2,A,1,1,D,2016-17
Chelsea,Sunderland,5,1,H,1,1,D,2016-17
Hull,Tottenham,1,7,A,0,3,A,2016-17
Leicester,Bournemouth,1,1,D,0,1,A,2016-17
Liverpool,Middlesbrough,3,0,H,1,0,H,2016-17
Man United,Crystal Palace,2,0,H,2,0,H,2016-17
Southampton,Stoke,0,1,A,0,0,D,2016-17
Swansea,West Brom,2,1,H,0,1,A,2016-17
Watford,Man City,0,5,A,0,4,A,2016-17
Arsenal,Leicester,4,3,H,2,2,D,2017-18
Brighton,Man City,0,2,A,0,0,D,2017-18
Chelsea,Burnley,2,3,A,0,3,A,2017-18
Crystal Palace,Huddersfield,0,3,A,0,2,A,2017-18
Everton,Stoke,1,0,H,1,0,H,2017-18
Southampton,Swansea,0,0,D,0,0,D,2017-18
Watford,Liverpool,3,3,D,2,1,H,2017-18
West Brom,Bournemouth,1,0,H,1,0,H,2017-18
Man United,West Ham,4,0,H,1,0,H,2017-18
Newcastle,Tottenham,0,2,A,0,0,D,2017-18
Bournemouth,Watford,0,2,A,0,0,D,2017-18
Burnley,West Brom,0,1,A,0,0,D,2017-18
Leicester,Brighton,2,0,H,1,0,H,2017-18
Liverpool,Crystal Palace,1,0,H,0,0,D,2017-18
Southampton,West Ham,3,2,H,2,1,H,2017-18
Stoke,Arsenal,1,0,H,0,0,D,2017-18
Swansea,Man United,0,4,A,0,1,A,2017-18
Huddersfield,Newcastle,1,0,H,0,0,D,2017-18
Tottenham,Chelsea,1,2,A,0,1,A,2017-18
Man City,Everton,1,1,D,0,1,A,2017-18
Bournemouth,Man City,1,2,A,1,1,D,2017-18
Crystal Palace,Swansea,0,2,A,0,1,A,2017-18
Huddersfield,Southampton,0,0,D,0,0,D,2017-18
Man United,Leicester,2,0,H,0,0,D,2017-18
Newcastle,West Ham,3,0,H,1,0,H,2017-18
Watford,Brighton,0,0,D,0,0,D,2017-18
Chelsea,Everton,2,0,H,2,0,H,2017-18
Liverpool,Arsenal,4,0,H,2,0,H,2017-18
Tottenham,Burnley,1,1,D,0,0,D,2017-18
West Brom,Stoke,1,1,D,0,0,D,2017-18
Arsenal,Bournemouth,3,0,H,2,0,H,2017-18
Brighton,West Brom,3,1,H,1,0,H,2017-18
Everton,Tottenham,0,3,A,0,2,A,2017-18
Leicester,Chelsea,1,2,A,0,1,A,2017-18
Man City,Liverpool,5,0,H,2,0,H,2017-18
Southampton,Watford,0,2,A,0,1,A,2017-18
Stoke,Man United,2,2,D,1,1,D,2017-18
Burnley,Crystal Palace,1,0,H,1,0,H,2017-18
Swansea,Newcastle,0,1,A,0,0,D,2017-18
West Ham,Huddersfield,2,0,H,0,0,D,2017-18
Bournemouth,Brighton,2,1,H,0,0,D,2017-18
Crystal Palace,Southampton,0,1,A,0,1,A,2017-18
Huddersfield,Leicester,1,1,D,0,0,D,2017-18
Liverpool,Burnley,1,1,D,1,1,D,2017-18
Newcastle,Stoke,2,1,H,1,0,H,2017-18
Tottenham,Swansea,0,0,D,0,0,D,2017-18
Watford,Man City,0,6,A,0,3,A,2017-18
West Brom,West Ham,0,0,D,0,0,D,2017-18
Chelsea,Arsenal,0,0,D,0,0,D,2017-18
Man United,Everton,4,0,H,1,0,H,2017-18
Burnley,Huddersfield,0,0,D,0,0,D,2017-18
Everton,Bournemouth,2,1,H,0,0,D,2017-18
Leicester,Liverpool,2,3,A,1,2,A,2017-18
Man City,Crystal Palace,5,0,H,1,0,H,2017-18
Southampton,Man United,0,1,A,0,1,A,2017-18
Stoke,Chelsea,0,4,A,0,2,A,2017-18
Swansea,Watford,1,2,A,0,1,A,2017-18
West Ham,Tottenham,2,3,A,0,2,A,2017-18
Brighton,Newcastle,1,0,H,0,0,D,2017-18
Arsenal,West Brom,2,0,H,1,0,H,2017-18
Bournemouth,Leicester,0,0,D,0,0,D,2017-18
Chelsea,Man City,0,1,A,0,0,D,2017-18
Huddersfield,Tottenham,0,4,A,0,3,A,2017-18
Man United,Crystal Palace,4,0,H,2,0,H,2017-18
Stoke,Southampton,2,1,H,1,0,H,2017-18
West Brom,Watford,2,2,D,2,1,H,2017-18
West Ham,Swansea,1,0,H,0,0,D,2017-18
Arsenal,Brighton,2,0,H,1,0,H,2017-18
Everton,Burnley,0,1,A,0,1,A,2017-18
Newcastle,Liverpool,1,1,D,1,1,D,2017-18
Burnley,West Ham,1,1,D,0,1,A,2017-18
Crystal Palace,Chelsea,2,1,H,2,1,H,2017-18
Liverpool,Man United,0,0,D,0,0,D,2017-18
Man City,Stoke,7,2,H,3,1,H,2017-18
Swansea,Huddersfield,2,0,H,1,0,H,2017-18
Tottenham,Bournemouth,1,0,H,0,0,D,2017-18
Watford,Arsenal,2,1,H,0,1,A,2017-18
Brighton,Everton,1,1,D,0,0,D,2017-18
Southampton,Newcastle,2,2,D,0,1,A,2017-18
Leicester,West Brom,1,1,D,0,0,D,2017-18
West Ham,Brighton,0,3,A,0,2,A,2017-18
Chelsea,Watford,4,2,H,1,1,D,2017-18
Huddersfield,Man United,2,1,H,2,0,H,2017-18
Man City,Burnley,3,0,H,1,0,H,2017-18
Newcastle,Crystal Palace,1,0,H,0,0,D,2017-18
Southampton,West Brom,1,0,H,0,0,D,2017-18
Stoke,Bournemouth,1,2,A,0,2,A,2017-18
Swansea,Leicester,1,2,A,0,1,A,2017-18
Everton,Arsenal,2,5,A,1,1,D,2017-18
Tottenham,Liverpool,4,1,H,3,1,H,2017-18
Arsenal,Swansea,2,1,H,0,1,A,2017-18
Bournemouth,Chelsea,0,1,A,0,0,D,2017-18
Crystal Palace,West Ham,2,2,D,0,2,A,2017-18
Liverpool,Huddersfield,3,0,H,0,0,D,2017-18
Man United,Tottenham,1,0,H,0,0,D,2017-18
Watford,Stoke,0,1,A,0,1,A,2017-18
West Brom,Man City,2,3,A,1,2,A,2017-18
Brighton,Southampton,1,1,D,0,1,A,2017-18
Leicester,Everton,2,0,H,2,0,H,2017-18
Burnley,Newcastle,1,0,H,0,0,D,2017-18
Huddersfield,West Brom,1,0,H,1,0,H,2017-18
Newcastle,Bournemouth,0,1,A,0,0,D,2017-18
Southampton,Burnley,0,1,A,0,0,D,2017-18
Stoke,Leicester,2,2,D,1,1,D,2017-18
Swansea,Brighton,0,1,A,0,1,A,2017-18
West Ham,Liverpool,1,4,A,0,2,A,2017-18
Chelsea,Man United,1,0,H,0,0,D,2017-18
Everton,Watford,3,2,H,0,0,D,2017-18
Man City,Arsenal,3,1,H,1,0,H,2017-18
Tottenham,Crystal Palace,1,0,H,0,0,D,2017-18
Arsenal,Tottenham,2,0,H,2,0,H,2017-18
Bournemouth,Huddersfield,4,0,H,2,0,H,2017-18
Burnley,Swansea,2,0,H,2,0,H,2017-18
Crystal Palace,Everton,2,2,D,2,2,D,2017-18
Leicester,Man City,0,2,A,0,1,A,2017-18
Liverpool,Southampton,3,0,H,2,0,H,2017-18
Man United,Newcastle,4,1,H,2,1,H,2017-18
West Brom,Chelsea,0,4,A,0,3,A,2017-18
Watford,West Ham,2,0,H,1,0,H,2017-18
Brighton,Stoke,2,2,D,1,2,A,2017-18
West Ham,Leicester,1,1,D,1,1,D,2017-18
Crystal Palace,Stoke,2,1,H,0,0,D,2017-18
Liverpool,Chelsea,1,1,D,0,0,D,2017-18
Man United,Brighton,1,0,H,0,0,D,2017-18
Newcastle,Watford,0,3,A,0,2,A,2017-18
Swansea,Bournemouth,0,0,D,0,0,D,2017-18
Tottenham,West Brom,1,1,D,0,1,A,2017-18
Burnley,Arsenal,0,1,A,0,0,D,2017-18
Huddersfield,Man City,1,2,A,1,0,H,2017-18
Southampton,Everton,4,1,H,1,1,D,2017-18
Brighton,Crystal Palace,0,0,D,0,0,D,2017-18
Leicester,Tottenham,2,1,H,2,0,H,2017-18
Watford,Man United,2,4,A,0,3,A,2017-18
West Brom,Newcastle,2,2,D,1,0,H,2017-18
Arsenal,Huddersfield,5,0,H,1,0,H,2017-18
Bournemouth,Burnley,1,2,A,0,1,A,2017-18
Chelsea,Swansea,1,0,H,0,0,D,2017-18
Everton,West Ham,4,0,H,2,0,H,2017-18
Man City,Southampton,2,1,H,0,0,D,2017-18
Stoke,Liverpool,0,3,A,0,1,A,2017-18
Arsenal,Man United,1,3,A,0,2,A,2017-18
Brighton,Liverpool,1,5,A,0,2,A,2017-18
Chelsea,Newcastle,3,1,H,2,1,H,2017-18
Everton,Huddersfield,2,0,H,0,0,D,2017-18
Leicester,Burnley,1,0,H,1,0,H,2017-18
Stoke,Swansea,2,1,H,2,1,H,2017-18
Watford,Tottenham,1,1,D,1,1,D,2017-18
West Brom,Crystal Palace,0,0,D,0,0,D,2017-18
Bournemouth,Southampton,1,1,D,1,0,H,2017-18
Man City,West Ham,2,1,H,0,1,A,2017-18
Burnley,Watford,1,0,H,1,0,H,2017-18
Crystal Palace,Bournemouth,2,2,D,2,2,D,2017-18
Huddersfield,Brighton,2,0,H,2,0,H,2017-18
Newcastle,Leicester,2,3,A,1,1,D,2017-18
Swansea,West Brom,1,0,H,0,0,D,2017-18
Tottenham,Stoke,5,1,H,1,0,H,2017-18
West Ham,Chelsea,1,0,H,1,0,H,2017-18
Liverpool,Everton,1,1,D,1,0,H,2017-18
Man United,Man City,1,2,A,1,1,D,2017-18
Southampton,Arsenal,1,1,D,1,0,H,2017-18
Burnley,Stoke,1,0,H,0,0,D,2017-18
Crystal Palace,Watford,2,1,H,0,1,A,2017-18
Huddersfield,Chelsea,1,3,A,0,2,A,2017-18
Liverpool,West Brom,0,0,D,0,0,D,2017-18
Man United,Bournemouth,1,0,H,1,0,H,2017-18
Newcastle,Everton,0,1,A,0,1,A,2017-18
Southampton,Leicester,1,4,A,0,3,A,2017-18
Swansea,Man City,0,4,A,0,2,A,2017-18
Tottenham,Brighton,2,0,H,1,0,H,2017-18
West Ham,Arsenal,0,0,D,0,0,D,2017-18
Arsenal,Newcastle,1,0,H,1,0,H,2017-18
Brighton,Burnley,0,0,D,0,0,D,2017-18
Chelsea,Southampton,1,0,H,1,0,H,2017-18
Leicester,Crystal Palace,0,3,A,0,2,A,2017-18
Man City,Tottenham,4,1,H,1,0,H,2017-18
Stoke,West Ham,0,3,A,0,1,A,2017-18
Watford,Huddersfield,1,4,A,0,2,A,2017-18
Bournemouth,Liverpool,0,4,A,0,3,A,2017-18
West Brom,Man United,1,2,A,0,2,A,2017-18
Everton,Swansea,3,1,H,1,1,D,2017-18
Arsenal,Liverpool,3,3,D,0,1,A,2017-18
Brighton,Watford,1,0,H,0,0,D,2017-18
Burnley,Tottenham,0,3,A,0,1,A,2017-18
Everton,Chelsea,0,0,D,0,0,D,2017-18
Leicester,Man United,2,2,D,1,1,D,2017-18
Man City,Bournemouth,4,0,H,1,0,H,2017-18
Southampton,Huddersfield,1,1,D,1,0,H,2017-18
Stoke,West Brom,3,1,H,2,0,H,2017-18
Swansea,Crystal Palace,1,1,D,0,0,D,2017-18
West Ham,Newcastle,2,3,A,1,1,D,2017-18
Bournemouth,West Ham,3,3,D,1,1,D,2017-18
Chelsea,Brighton,2,0,H,0,0,D,2017-18
Huddersfield,Stoke,1,1,D,1,0,H,2017-18
Liverpool,Swansea,5,0,H,1,0,H,2017-18
Man United,Burnley,2,2,D,0,2,A,2017-18
Tottenham,Southampton,5,2,H,2,0,H,2017-18
Watford,Leicester,2,1,H,1,1,D,2017-18
West Brom,Everton,0,0,D,0,0,D,2017-18
Newcastle,Man City,0,1,A,0,1,A,2017-18
Crystal Palace,Arsenal,2,3,A,0,1,A,2017-18
Bournemouth,Everton,2,1,H,1,0,H,2017-18
Chelsea,Stoke,5,0,H,3,0,H,2017-18
Huddersfield,Burnley,0,0,D,0,0,D,2017-18
Liverpool,Leicester,2,1,H,0,1,A,2017-18
Man United,Southampton,0,0,D,0,0,D,2017-18
Newcastle,Brighton,0,0,D,0,0,D,2017-18
Watford,Swansea,1,2,A,1,0,H,2017-18
Crystal Palace,Man City,0,0,D,0,0,D,2017-18
West Brom,Arsenal,1,1,D,0,0,D,2017-18
Brighton,Bournemouth,2,2,D,1,1,D,2017-18
Burnley,Liverpool,1,2,A,0,0,D,2017-18
Everton,Man United,0,2,A,0,0,D,2017-18
Leicester,Huddersfield,3,0,H,0,0,D,2017-18
Stoke,Newcastle,0,1,A,0,0,D,2017-18
Man City,Watford,3,1,H,2,0,H,2017-18
Southampton,Crystal Palace,1,2,A,1,0,H,2017-18
Swansea,Tottenham,0,2,A,0,1,A,2017-18
West Ham,West Brom,2,1,H,0,1,A,2017-18
Arsenal,Chelsea,2,2,D,0,0,D,2017-18
Tottenham,West Ham,1,1,D,0,0,D,2017-18
Chelsea,Leicester,0,0,D,0,0,D,2017-18
Crystal Palace,Burnley,1,0,H,1,0,H,2017-18
Huddersfield,West Ham,1,4,A,1,1,D,2017-18
Newcastle,Swansea,1,1,D,0,0,D,2017-18
Tottenham,Everton,4,0,H,1,0,H,2017-18
Watford,Southampton,2,2,D,0,2,A,2017-18
West Brom,Brighton,2,0,H,1,0,H,2017-18
Bournemouth,Arsenal,2,1,H,0,0,D,2017-18
Liverpool,Man City,4,3,H,1,1,D,2017-18
Man United,Stoke,3,0,H,2,0,H,2017-18
Arsenal,Crystal Palace,4,1,H,4,0,H,2017-18
Brighton,Chelsea,0,4,A,0,2,A,2017-18
Burnley,Man United,0,1,A,0,0,D,2017-18
Everton,West Brom,1,1,D,0,1,A,2017-18
Leicester,Watford,2,0,H,1,0,H,2017-18
Man City,Newcastle,3,1,H,1,0,H,2017-18
Stoke,Huddersfield,2,0,H,0,0,D,2017-18
West Ham,Bournemouth,1,1,D,0,0,D,2017-18
Southampton,Tottenham,1,1,D,1,1,D,2017-18
Swansea,Liverpool,1,0,H,1,0,H,2017-18
Huddersfield,Liverpool,0,3,A,0,2,A,2017-18
Swansea,Arsenal,3,1,H,1,1,D,2017-18
West Ham,Crystal Palace,1,1,D,1,1,D,2017-18
Chelsea,Bournemouth,0,3,A,0,0,D,2017-18
Everton,Leicester,2,1,H,2,0,H,2017-18
Man City,West Brom,3,0,H,1,0,H,2017-18
Newcastle,Burnley,1,1,D,0,0,D,2017-18
Southampton,Brighton,1,1,D,0,1,A,2017-18
Stoke,Watford,0,0,D,0,0,D,2017-18
Tottenham,Man United,2,0,H,2,0,H,2017-18
Arsenal,Everton,5,1,H,4,0,H,2017-18
Bournemouth,Stoke,2,1,H,0,1,A,2017-18
Brighton,West Ham,3,1,H,1,1,D,2017-18
Burnley,Man City,1,1,D,0,1,A,2017-18
Leicester,Swansea,1,1,D,1,0,H,2017-18
Man United,Huddersfield,2,0,H,0,0,D,2017-18
West Brom,Southampton,2,3,A,1,2,A,2017-18
Crystal Palace,Newcastle,1,1,D,0,1,A,2017-18
Liverpool,Tottenham,2,2,D,1,0,H,2017-18
Watford,Chelsea,4,1,H,1,0,H,2017-18
Everton,Crystal Palace,3,1,H,0,0,D,2017-18
Man City,Leicester,5,1,H,1,1,D,2017-18
Stoke,Brighton,1,1,D,0,1,A,2017-18
Swansea,Burnley,1,0,H,0,0,D,2017-18
Tottenham,Arsenal,1,0,H,0,0,D,2017-18
West Ham,Watford,2,0,H,1,0,H,2017-18
Huddersfield,Bournemouth,4,1,H,2,1,H,2017-18
Newcastle,Man United,1,0,H,0,0,D,2017-18
Southampton,Liverpool,0,2,A,0,2,A,2017-18
Chelsea,West Brom,3,0,H,1,0,H,2017-18
Bournemouth,Newcastle,2,2,D,0,2,A,2017-18
Brighton,Swansea,4,1,H,1,0,H,2017-18
Burnley,Southampton,1,1,D,0,0,D,2017-18
Leicester,Stoke,1,1,D,0,1,A,2017-18
Liverpool,West Ham,4,1,H,1,0,H,2017-18
Watford,Everton,1,0,H,0,0,D,2017-18
West Brom,Huddersfield,1,2,A,0,0,D,2017-18
Crystal Palace,Tottenham,0,1,A,0,0,D,2017-18
Man United,Chelsea,2,1,H,1,1,D,2017-18
Arsenal,Man City,0,3,A,0,3,A,2017-18
Burnley,Everton,2,1,H,0,1,A,2017-18
Leicester,Bournemouth,1,1,D,0,1,A,2017-18
Liverpool,Newcastle,2,0,H,1,0,H,2017-18
Southampton,Stoke,0,0,D,0,0,D,2017-18
Swansea,West Ham,4,1,H,2,0,H,2017-18
Tottenham,Huddersfield,2,0,H,1,0,H,2017-18
Watford,West Brom,1,0,H,0,0,D,2017-18
Brighton,Arsenal,2,1,H,2,1,H,2017-18
Man City,Chelsea,1,0,H,0,0,D,2017-18
Crystal Palace,Man United,2,3,A,1,0,H,2017-18
Chelsea,Crystal Palace,2,1,H,2,0,H,2017-18
Everton,Brighton,2,0,H,0,0,D,2017-18
Huddersfield,Swansea,0,0,D,0,0,D,2017-18
Man United,Liverpool,2,1,H,2,0,H,2017-18
Newcastle,Southampton,3,0,H,2,0,H,2017-18
West Brom,Leicester,1,4,A,1,1,D,2017-18
West Ham,Burnley,0,3,A,0,0,D,2017-18
Arsenal,Watford,3,0,H,1,0,H,2017-18
Bournemouth,Tottenham,1,4,A,1,1,D,2017-18
Stoke,Man City,0,2,A,0,1,A,2017-18
Bournemouth,West Brom,2,1,H,0,0,D,2017-18
Huddersfield,Crystal Palace,0,2,A,0,1,A,2017-18
Liverpool,Watford,5,0,H,2,0,H,2017-18
Stoke,Everton,1,2,A,0,0,D,2017-18
Brighton,Leicester,0,2,A,0,0,D,2017-18
Crystal Palace,Liverpool,1,2,A,1,0,H,2017-18
Everton,Man City,1,3,A,0,3,A,2017-18
Man United,Swansea,2,0,H,2,0,H,2017-18
Newcastle,Huddersfield,1,0,H,0,0,D,2017-18
Watford,Bournemouth,2,2,D,1,1,D,2017-18
West Brom,Burnley,1,2,A,0,1,A,2017-18
West Ham,Southampton,3,0,H,3,0,H,2017-18
Arsenal,Stoke,3,0,H,0,0,D,2017-18
Chelsea,Tottenham,1,3,A,1,1,D,2017-18
Bournemouth,Crystal Palace,2,2,D,0,0,D,2017-18
Brighton,Huddersfield,1,1,D,1,1,D,2017-18
Everton,Liverpool,0,0,D,0,0,D,2017-18
Leicester,Newcastle,1,2,A,0,1,A,2017-18
Man City,Man United,2,3,A,2,0,H,2017-18
Stoke,Tottenham,1,2,A,0,0,D,2017-18
Watford,Burnley,1,2,A,0,0,D,2017-18
West Brom,Swansea,1,1,D,0,0,D,2017-18
Arsenal,Southampton,3,2,H,2,1,H,2017-18
Chelsea,West Ham,1,1,D,1,0,H,2017-18
Burnley,Leicester,2,1,H,2,0,H,2017-18
Crystal Palace,Brighton,3,2,H,3,2,H,2017-18
Huddersfield,Watford,1,0,H,0,0,D,2017-18
Liverpool,Bournemouth,3,0,H,1,0,H,2017-18
Southampton,Chelsea,2,3,A,1,0,H,2017-18
Swansea,Everton,1,1,D,0,1,A,2017-18
Tottenham,Man City,1,3,A,1,2,A,2017-18
Man United,West Brom,0,1,A,0,0,D,2017-18
Newcastle,Arsenal,2,1,H,1,1,D,2017-18
West Ham,Stoke,1,1,D,0,0,D,2017-18
Brighton,Tottenham,1,1,D,0,0,D,2017-18
Bournemouth,Man United,0,2,A,0,1,A,2017-18
Burnley,Chelsea,1,2,A,0,1,A,2017-18
Leicester,Southampton,0,0,D,0,0,D,2017-18
Watford,Crystal Palace,0,0,D,0,0,D,2017-18
West Brom,Liverpool,2,2,D,0,1,A,2017-18
Arsenal,West Ham,4,1,H,0,0,D,2017-18
Man City,Swansea,5,0,H,2,0,H,2017-18
Stoke,Burnley,1,1,D,1,0,H,2017-18
Everton,Newcastle,1,0,H,0,0,D,2017-18
Burnley,Brighton,0,0,D,0,0,D,2017-18
Crystal Palace,Leicester,5,0,H,2,0,H,2017-18
Huddersfield,Everton,0,2,A,0,1,A,2017-18
Liverpool,Stoke,0,0,D,0,0,D,2017-18
Newcastle,West Brom,0,1,A,0,1,A,2017-18
Southampton,Bournemouth,2,1,H,1,1,D,2017-18
Swansea,Chelsea,0,1,A,0,1,A,2017-18
Man United,Arsenal,2,1,H,1,0,H,2017-18
West Ham,Man City,1,4,A,1,2,A,2017-18
Tottenham,Watford,2,0,H,1,0,H,2017-18
Brighton,Man United,1,0,H,0,0,D,2017-18
Bournemouth,Swansea,1,0,H,1,0,H,2017-18
Everton,Southampton,1,1,D,0,0,D,2017-18
Leicester,West Ham,0,2,A,0,1,A,2017-18
Stoke,Crystal Palace,1,2,A,1,0,H,2017-18
Watford,Newcastle,2,1,H,2,0,H,2017-18
West Brom,Tottenham,1,0,H,0,0,D,2017-18
Arsenal,Burnley,5,0,H,2,0,H,2017-18
Chelsea,Liverpool,1,0,H,1,0,H,2017-18
Man City,Huddersfield,0,0,D,0,0,D,2017-18
Swansea,Southampton,0,1,A,0,0,D,2017-18
Chelsea,Huddersfield,1,1,D,0,0,D,2017-18
Leicester,Arsenal,3,1,H,1,0,H,2017-18
Man City,Brighton,3,1,H,2,1,H,2017-18
Tottenham,Newcastle,1,0,H,0,0,D,2017-18
West Ham,Man United,0,0,D,0,0,D,2017-18
Burnley,Bournemouth,1,2,A,1,0,H,2017-18
Crystal Palace,West Brom,2,0,H,0,0,D,2017-18
Huddersfield,Arsenal,0,1,A,0,1,A,2017-18
Liverpool,Brighton,4,0,H,2,0,H,2017-18
Man United,Watford,1,0,H,1,0,H,2017-18
Newcastle,Chelsea,3,0,H,1,0,H,2017-18
Southampton,Man City,0,1,A,0,0,D,2017-18
Swansea,Stoke,1,2,A,1,2,A,2017-18
Tottenham,Leicester,5,4,H,1,2,A,2017-18
West Ham,Everton,3,1,H,1,0,H,2017-18
